-- phpMyAdmin SQL Dump
-- version 4.7.7
-- https://www.phpmyadmin.net/
--
-- Host: localhost:3306
-- Generation Time: Apr 27, 2018 at 12:33 AM
-- Server version: 5.6.38
-- PHP Version: 5.6.30

SET SQL_MODE = "NO_AUTO_VALUE_ON_ZERO";
SET AUTOCOMMIT = 0;
START TRANSACTION;
SET time_zone = "+00:00";


/*!40101 SET @OLD_CHARACTER_SET_CLIENT=@@CHARACTER_SET_CLIENT */;
/*!40101 SET @OLD_CHARACTER_SET_RESULTS=@@CHARACTER_SET_RESULTS */;
/*!40101 SET @OLD_COLLATION_CONNECTION=@@COLLATION_CONNECTION */;
/*!40101 SET NAMES utf8mb4 */;

--
-- Database: `dailyex1_penses`
--

-- --------------------------------------------------------

--
-- Table structure for table `expenditure`
--

DROP TABLE IF EXISTS `expenditure`;
CREATE TABLE IF NOT EXISTS `expenditure` (
  `id` bigint(20) NOT NULL AUTO_INCREMENT,
  `user_id` int(11) NOT NULL,
  `category` int(11) NOT NULL,
  `date_time` date NOT NULL,
  `to_from` char(4) NOT NULL DEFAULT 'to',
  `qty` int(11) NOT NULL DEFAULT '0',
  `notes` text,
  PRIMARY KEY (`id`)
) ENGINE=InnoDB AUTO_INCREMENT=441 DEFAULT CHARSET=utf8;

--
-- Dumping data for table `expenditure`
--

INSERT INTO `expenditure` (`id`, `user_id`, `category`, `date_time`, `to_from`, `qty`, `notes`) VALUES
(7, 1, 1, '2017-05-13', 'to', 4, 'Döner'),
(8, 1, 1, '2017-05-12', 'to', 7, 'Aldi Süd'),
(9, 1, 12, '2017-05-14', 'to', 40, 'McAfee livesafe antivirüs'),
(10, 1, 11, '2017-05-13', 'to', 20, ''),
(11, 1, 3, '2017-05-16', 'to', 7, 'To Düsseldorf'),
(12, 1, 3, '2017-05-17', 'to', 7, 'Düsseldorf'),
(13, 1, 1, '2017-05-17', 'to', 6, ''),
(14, 1, 1, '2017-05-16', 'to', 22, ''),
(15, 1, 3, '2017-05-18', 'to', 7, 'Düsseldorf'),
(16, 1, 1, '2017-05-19', 'to', 9, ''),
(17, 1, 1, '2017-05-20', 'to', 22, ''),
(18, 1, 14, '2017-05-01', 'from', 878, 'übrigbleibender betrag seit letzten Jahr für Gas und Strom von Stadtwerke'),
(19, 1, 3, '2017-05-02', 'to', 35, 'Sozial Ticket'),
(20, 1, 1, '2017-05-02', 'to', 2, ''),
(21, 1, 1, '2017-05-03', 'to', 6, ''),
(22, 1, 1, '2017-05-04', 'to', 13, ''),
(23, 1, 1, '2017-05-05', 'to', 5, ''),
(24, 1, 1, '2017-05-08', 'to', 24, ''),
(25, 1, 1, '2017-05-10', 'to', 12, ''),
(26, 1, 1, '2017-05-12', 'to', 6, ''),
(28, 1, 15, '2017-05-01', 'to', 285, ''),
(29, 1, 5, '2017-05-06', 'to', 9, ''),
(30, 1, 7, '2017-05-22', 'to', 35, ''),
(31, 1, 16, '2017-05-02', 'to', 15, 'Fitnessstudio'),
(32, 1, 1, '2017-05-21', 'to', 4, 'In Landschaftpark'),
(33, 1, 1, '2017-05-22', 'to', 7, 'Aldi'),
(34, 1, 14, '2017-05-22', 'from', 866, 'Remaining from Stadtwerke'),
(35, 1, 4, '2017-05-23', 'to', 5, ''),
(36, 1, 6, '2017-05-23', 'to', 1, ''),
(37, 1, 1, '2017-05-24', 'to', 5, ''),
(38, 1, 1, '2017-05-26', 'to', 13, ''),
(39, 1, 1, '2017-05-27', 'to', 11, ''),
(40, 1, 4, '2017-05-27', 'to', 2, ''),
(41, 1, 1, '2017-05-29', 'to', 13, ''),
(42, 1, 10, '2017-05-30', 'to', 1, 'Folders'),
(43, 1, 3, '2017-06-01', 'to', 35, 'Sozial Ticket'),
(44, 1, 14, '2017-05-31', 'from', 792, 'Vom Jobcenter'),
(45, 1, 16, '2017-06-02', 'to', 15, ''),
(46, 1, 12, '2017-06-01', 'to', 8, 'Commerzbank'),
(47, 1, 15, '2017-06-02', 'to', 285, ''),
(48, 1, 1, '2017-06-01', 'to', 9, ''),
(49, 1, 1, '2017-06-03', 'to', 5, ''),
(50, 1, 12, '2017-06-05', 'to', 1, ''),
(51, 1, 1, '2017-06-06', 'to', 4, ''),
(52, 1, 1, '2017-06-10', 'to', 6, ''),
(53, 1, 5, '2017-06-10', 'to', 11, ''),
(54, 1, 1, '2017-06-13', 'to', 8, ''),
(55, 1, 1, '2017-06-14', 'to', 13, ''),
(56, 1, 12, '2017-06-16', 'to', 2, 'Museum'),
(57, 1, 1, '2017-06-16', 'to', 9, ''),
(58, 1, 7, '2017-06-22', 'to', 35, ''),
(59, 1, 1, '2017-06-17', 'to', 10, ''),
(60, 1, 10, '2017-06-19', 'to', 2, ''),
(61, 1, 12, '2017-06-20', 'to', 8, 'Usb stick'),
(62, 1, 3, '2017-06-20', 'from', 35, 'Berliz'),
(63, 1, 9, '2017-06-22', 'to', 30, ''),
(64, 1, 13, '2017-06-22', 'to', 30, ''),
(65, 1, 1, '2017-06-22', 'to', 21, ''),
(66, 1, 4, '2017-06-22', 'to', 40, 'Schuhen'),
(67, 1, 1, '2017-06-24', 'to', 18, ''),
(68, 1, 3, '2017-06-26', 'to', 7, 'nach düsseldorf'),
(69, 1, 3, '2017-06-27', 'to', 14, ''),
(70, 1, 1, '2017-06-27', 'to', 1, ''),
(71, 1, 1, '2017-06-28', 'to', 8, ''),
(72, 1, 3, '2017-06-28', 'to', 7, ''),
(73, 1, 3, '2017-06-29', 'to', 7, ''),
(74, 1, 3, '2017-06-30', 'to', 7, ''),
(75, 1, 1, '2017-06-30', 'to', 10, ''),
(76, 1, 5, '2017-07-02', 'to', 17, 'Kopfhoerer bluetooth'),
(77, 1, 15, '2017-07-01', 'to', 285, ''),
(78, 1, 14, '2017-07-01', 'from', 792, ''),
(79, 1, 10, '2017-07-01', 'to', 5, 'Bürolocher,Bürohefter,....'),
(80, 1, 1, '2017-07-01', 'to', 21, ''),
(81, 1, 16, '2017-07-02', 'to', 15, ''),
(83, 1, 12, '2017-07-03', 'to', 9, 'Bank'),
(84, 1, 3, '2017-07-03', 'to', 55, 'youngtickt'),
(85, 1, 6, '2017-07-03', 'to', 1, 'nach Kölln for befreiung : ARD ZDF'),
(86, 1, 1, '2017-07-04', 'to', 8, ''),
(87, 1, 1, '2017-07-05', 'to', 1, ''),
(88, 1, 1, '2017-07-06', 'to', 5, ''),
(89, 1, 1, '2017-07-07', 'to', 11, ''),
(90, 1, 5, '2017-07-08', 'to', 9, ''),
(91, 1, 12, '2017-06-30', 'to', 9, 'commerzbank ,Zinsen'),
(92, 1, 1, '2017-07-08', 'to', 11, ''),
(93, 1, 1, '2017-07-09', 'to', 6, ''),
(94, 1, 11, '2017-07-09', 'to', 20, ''),
(95, 1, 1, '2017-07-11', 'to', 2, ''),
(96, 1, 1, '2017-07-13', 'to', 14, ''),
(97, 1, 1, '2017-07-15', 'to', 17, ''),
(98, 1, 1, '2017-07-16', 'to', 6, ''),
(99, 1, 7, '2017-07-22', 'to', 35, ''),
(100, 1, 1, '2017-07-19', 'to', 10, ''),
(101, 1, 1, '2017-07-21', 'to', 1, ''),
(102, 1, 9, '2017-07-22', 'to', 30, ''),
(103, 1, 13, '2017-07-22', 'to', 30, ''),
(104, 1, 1, '2017-07-22', 'to', 9, ''),
(105, 1, 3, '2017-07-21', 'from', 35, 'Von Schule'),
(106, 1, 3, '2017-07-24', 'to', 20, 'Nach Freiburg'),
(107, 1, 14, '2017-07-25', 'from', 116, 'Wysiwyg'),
(108, 1, 1, '2017-07-26', 'to', 2, ''),
(109, 1, 6, '2017-08-01', 'to', 1, ''),
(110, 1, 3, '2017-07-28', 'to', 50, 'Von Freiburg nach Duisburg'),
(111, 1, 3, '2017-07-31', 'to', 82, 'Young Ticket'),
(112, 1, 1, '2017-07-31', 'to', 14, ''),
(113, 1, 14, '2017-07-31', 'from', 792, 'Vom Jobcenter'),
(114, 1, 1, '2017-07-28', 'to', 10, 'In einem Restaurant in Feldberg'),
(115, 1, 1, '2017-07-29', 'to', 13, ''),
(116, 1, 16, '2017-08-01', 'to', 15, 'Zu Fitx'),
(117, 1, 12, '2017-07-31', 'to', 9, 'Kontoführung Commerzbank'),
(118, 1, 1, '2017-08-03', 'to', 7, ''),
(119, 1, 6, '2017-08-03', 'to', 4, ''),
(120, 1, 15, '2017-08-01', 'to', 285, ''),
(121, 1, 1, '2017-08-02', 'to', 8, ''),
(122, 1, 12, '2017-08-04', 'to', 10, 'Friseure, Berber'),
(123, 1, 1, '2017-08-04', 'to', 8, ''),
(124, 1, 5, '2017-08-04', 'to', 10, ''),
(125, 1, 1, '2017-08-07', 'to', 17, ''),
(126, 1, 1, '2017-08-08', 'to', 14, ''),
(127, 1, 3, '2017-08-11', 'from', 45, 'Von Wysiwyg'),
(128, 1, 1, '2017-08-11', 'to', 6, ''),
(129, 1, 1, '2017-08-10', 'to', 10, ''),
(130, 1, 1, '2017-08-12', 'to', 21, ''),
(131, 1, 11, '2017-08-12', 'to', 30, ''),
(132, 1, 1, '2017-08-14', 'to', 6, ''),
(133, 1, 6, '2017-08-14', 'to', 3, ''),
(134, 1, 1, '2017-08-16', 'to', 3, ''),
(135, 1, 1, '2017-08-15', 'to', 8, ''),
(136, 1, 8, '2017-08-17', 'to', 2, ''),
(137, 1, 7, '2017-08-22', 'to', 35, ''),
(138, 1, 3, '2017-08-18', 'from', 35, 'von Inlingua'),
(139, 1, 1, '2017-08-18', 'to', 8, ''),
(140, 1, 1, '2017-08-19', 'to', 19, ''),
(141, 1, 9, '2017-08-22', 'to', 30, ''),
(142, 1, 13, '2017-08-22', 'to', 30, ''),
(143, 1, 1, '2017-08-20', 'to', 6, ''),
(144, 1, 1, '2017-08-21', 'to', 3, ''),
(145, 1, 1, '2017-08-25', 'to', 2, ''),
(146, 1, 1, '2017-08-24', 'to', 1, ''),
(147, 1, 1, '2017-08-23', 'to', 10, ''),
(148, 1, 14, '2017-08-25', 'from', 100, 'Von Wysiwyg'),
(149, 1, 1, '2017-08-26', 'to', 20, ''),
(150, 1, 1, '2017-08-28', 'to', 3, ''),
(151, 1, 3, '2017-08-31', 'to', 4, ''),
(152, 1, 14, '2017-08-31', 'from', 792, ''),
(153, 1, 1, '2017-09-01', 'to', 5, ''),
(154, 1, 11, '2017-09-01', 'to', 5, ''),
(155, 1, 3, '2017-09-03', 'to', 5, ''),
(156, 1, 16, '2017-09-01', 'to', 15, ''),
(159, 1, 3, '2017-08-30', 'to', 82, ''),
(160, 1, 12, '2017-08-31', 'to', 8, 'Bankkonto'),
(161, 1, 1, '2017-09-04', 'to', 23, ''),
(162, 1, 15, '2017-09-04', 'to', 285, ''),
(163, 1, 5, '2017-09-06', 'to', 9, ''),
(164, 1, 1, '2017-09-06', 'to', 7, ''),
(165, 1, 1, '2017-09-14', 'to', 2, ''),
(166, 1, 3, '2017-09-14', 'from', 47, ''),
(167, 1, 1, '2017-09-12', 'to', 13, ''),
(168, 1, 1, '2017-09-09', 'to', 9, ''),
(169, 1, 1, '2017-09-07', 'to', 9, ''),
(170, 1, 1, '2017-09-16', 'to', 16, ''),
(171, 1, 11, '2017-09-15', 'to', 5, 'Konzert'),
(172, 1, 7, '2017-09-22', 'to', 35, ''),
(173, 1, 1, '2017-09-15', 'to', 2, ''),
(174, 1, 13, '2017-09-22', 'to', 30, ''),
(175, 1, 9, '2017-09-22', 'to', 30, ''),
(176, 1, 1, '2017-09-21', 'to', 16, ''),
(177, 1, 1, '2017-09-23', 'to', 12, ''),
(178, 1, 1, '2017-09-22', 'to', 10, ''),
(179, 1, 12, '2017-09-22', 'to', 10, 'Frieseuer'),
(180, 1, 1, '2017-09-27', 'to', 25, ''),
(181, 1, 1, '2017-09-29', 'to', 6, ''),
(182, 1, 3, '2017-09-29', 'to', 83, 'young ticket'),
(183, 1, 14, '2017-09-29', 'from', 792, 'vom Jobcenter'),
(184, 1, 11, '2017-09-29', 'to', 40, ''),
(185, 1, 1, '2017-09-30', 'to', 21, ''),
(186, 1, 1, '2017-10-02', 'to', 10, ''),
(187, 1, 6, '2017-10-02', 'to', 1, ''),
(188, 1, 16, '2017-10-02', 'to', 15, ''),
(189, 1, 3, '2017-10-03', 'from', 34, 'von Berlitz'),
(190, 1, 12, '2017-09-29', 'to', 8, 'Kontoführung'),
(191, 1, 3, '2017-10-01', 'to', 83, 'youngticket'),
(192, 1, 15, '2017-10-02', 'to', 285, ''),
(193, 1, 5, '2017-10-05', 'to', 9, ''),
(194, 1, 6, '2017-10-05', 'to', 1, ''),
(195, 1, 1, '2017-10-05', 'to', 10, ''),
(196, 1, 1, '2017-10-06', 'to', 3, ''),
(197, 1, 4, '2017-10-06', 'to', 5, 'Socke'),
(198, 1, 1, '2017-10-07', 'to', 14, ''),
(199, 1, 5, '2017-10-10', 'to', 9, ''),
(200, 1, 1, '2017-10-10', 'to', 2, ''),
(201, 1, 1, '2017-10-09', 'to', 5, ''),
(202, 1, 1, '2017-10-11', 'to', 14, ''),
(203, 1, 1, '2017-10-14', 'to', 16, ''),
(204, 1, 1, '2017-10-18', 'to', 4, ''),
(205, 1, 1, '2017-10-17', 'to', 4, ''),
(206, 1, 7, '2017-10-22', 'to', 35, ''),
(207, 1, 1, '2017-10-19', 'to', 15, ''),
(208, 1, 4, '2017-10-19', 'to', 15, ''),
(209, 1, 9, '2017-10-22', 'to', 30, ''),
(210, 1, 1, '2017-10-22', 'to', 30, ''),
(211, 1, 1, '2017-10-20', 'to', 1, ''),
(212, 1, 1, '2017-10-21', 'to', 15, ''),
(213, 1, 8, '2017-10-23', 'to', 37, ''),
(214, 1, 10, '2017-10-23', 'to', 19, ''),
(215, 1, 3, '2017-10-24', 'from', 83, 'für September'),
(216, 1, 1, '2017-10-24', 'to', 21, ''),
(217, 1, 1, '2017-10-25', 'to', 8, ''),
(218, 1, 14, '2017-10-26', 'from', 100, 'Von Wysiwyg'),
(219, 1, 1, '2017-10-29', 'to', 18, ''),
(220, 1, 4, '2017-10-28', 'to', 9, ''),
(221, 1, 1, '2017-10-28', 'to', 8, ''),
(222, 1, 3, '2017-10-30', 'to', 82, ''),
(223, 1, 1, '2017-10-30', 'to', 20, ''),
(224, 1, 16, '2017-11-01', 'to', 15, ''),
(225, 1, 8, '2017-11-01', 'to', 10, 'Brillenversicherung'),
(226, 1, 12, '2017-11-01', 'to', 9, 'Bankkontogebühr'),
(227, 1, 1, '2017-10-30', 'to', 6, ''),
(228, 1, 14, '2017-10-30', 'from', 793, 'Jobcenter'),
(229, 1, 15, '2017-11-02', 'to', 285, ''),
(230, 1, 1, '2017-11-03', 'to', 5, ''),
(231, 1, 1, '2017-11-02', 'to', 15, ''),
(232, 1, 1, '2017-11-06', 'to', 2, ''),
(233, 1, 1, '2017-11-07', 'to', 10, ''),
(234, 1, 1, '2017-11-08', 'to', 3, ''),
(235, 1, 5, '2017-11-09', 'to', 7, ''),
(236, 1, 1, '2017-11-10', 'to', 14, ''),
(237, 1, 3, '2017-11-11', 'to', 4, ''),
(238, 1, 3, '2017-11-14', 'from', 38, ''),
(239, 1, 1, '2017-11-14', 'to', 23, ''),
(240, 1, 1, '2017-11-16', 'to', 8, ''),
(241, 1, 7, '2017-11-22', 'to', 77, ''),
(242, 1, 3, '2017-11-18', 'to', 8, ''),
(243, 1, 1, '2017-11-18', 'to', 10, ''),
(244, 1, 1, '2017-11-21', 'to', 8, ''),
(245, 1, 1, '2017-11-20', 'to', 2, ''),
(246, 1, 1, '2017-11-22', 'to', 13, ''),
(247, 1, 3, '2017-11-22', 'from', 45, 'Für Oktober von Wysiwyg'),
(248, 1, 13, '2017-11-22', 'to', 30, ''),
(249, 1, 9, '2017-11-22', 'to', 30, ''),
(250, 1, 1, '2017-11-23', 'to', 5, ''),
(251, 1, 6, '2017-11-23', 'to', 1, ''),
(252, 1, 1, '2017-11-24', 'to', 2, ''),
(253, 1, 3, '2017-11-25', 'to', 108, 'Ticket1000 für Dezember'),
(254, 1, 1, '2017-11-25', 'to', 13, ''),
(255, 1, 14, '2017-11-27', 'from', 830, 'Von Wysiwyg'),
(256, 1, 1, '2017-11-27', 'to', 5, ''),
(258, 1, 1, '2017-11-28', 'to', 5, ''),
(259, 1, 1, '2017-11-29', 'to', 4, ''),
(260, 1, 3, '2017-12-01', 'from', 190, 'Von Bundesamt'),
(261, 1, 6, '2017-12-01', 'to', 4, ''),
(262, 1, 1, '2017-12-01', 'to', 7, ''),
(263, 1, 1, '2017-12-02', 'to', 23, ''),
(264, 1, 1, '2017-12-04', 'to', 3, ''),
(265, 1, 1, '2017-12-05', 'to', 8, ''),
(266, 1, 1, '2017-12-07', 'to', 9, ''),
(267, 1, 5, '2017-12-07', 'to', 8, ''),
(268, 1, 3, '2017-12-06', 'to', 31, 'Nach Freiburg'),
(269, 1, 12, '2017-12-07', 'to', 30, 'Schufa'),
(270, 1, 1, '2017-12-09', 'to', 16, ''),
(271, 1, 1, '2017-12-11', 'to', 14, ''),
(272, 1, 6, '2017-12-11', 'to', 1, ''),
(273, 1, 1, '2017-12-12', 'to', 28, ''),
(274, 1, 1, '2017-12-13', 'to', 7, ''),
(275, 1, 1, '2017-12-15', 'to', 4, ''),
(276, 1, 1, '2017-12-18', 'to', 4, ''),
(278, 1, 11, '2017-12-18', 'to', 7, 'Train game for Wissam'),
(279, 1, 1, '2017-12-19', 'to', 4, ''),
(280, 1, 1, '2017-12-20', 'to', 4, ''),
(281, 1, 14, '2017-12-21', 'from', 1659, 'Wysiwyg'),
(282, 1, 7, '2017-12-22', 'to', 20, ''),
(283, 1, 9, '2017-12-22', 'to', 30, ''),
(284, 1, 13, '2017-12-22', 'to', 30, ''),
(285, 1, 1, '2017-12-22', 'to', 30, ''),
(286, 1, 1, '2017-12-23', 'to', 55, ''),
(287, 1, 11, '2017-12-23', 'to', 48, ''),
(288, 1, 12, '2017-12-23', 'to', 19, 'Bowling'),
(289, 1, 11, '2017-12-24', 'to', 39, ''),
(290, 1, 12, '2017-12-26', 'to', 60, 'Muslima.com'),
(291, 1, 1, '2017-12-23', 'to', 28, ''),
(292, 1, 1, '2017-12-29', 'to', 5, ''),
(294, 1, 12, '2017-12-31', 'to', 8, 'Bank account'),
(295, 1, 10, '2017-12-30', 'to', 2, ''),
(296, 1, 15, '2018-01-01', 'to', 285, ''),
(297, 1, 12, '2017-12-31', 'to', 50, 'Amazon'),
(298, 1, 3, '2018-01-01', 'to', 110, 'Ticket1000 '),
(299, 1, 1, '2018-01-02', 'to', 26, ''),
(300, 1, 1, '2018-01-03', 'to', 4, ''),
(301, 1, 1, '2018-01-04', 'to', 6, ''),
(302, 1, 1, '2018-01-05', 'to', 4, ''),
(303, 1, 1, '2018-01-08', 'to', 3, ''),
(304, 1, 1, '2018-01-09', 'to', 5, ''),
(305, 1, 5, '2018-01-10', 'to', 8, ''),
(306, 1, 11, '2018-01-09', 'from', 25, 'From Mitch'),
(307, 1, 1, '2018-01-11', 'to', 4, ''),
(308, 1, 1, '2018-01-10', 'to', 6, ''),
(309, 1, 12, '2018-01-12', 'to', 5, 'Konzert'),
(310, 1, 1, '2018-01-14', 'to', 6, ''),
(311, 1, 1, '2018-01-15', 'to', 7, ''),
(312, 1, 1, '2018-01-16', 'to', 17, ''),
(313, 1, 8, '2018-01-16', 'to', 3, ''),
(314, 1, 7, '2018-01-22', 'to', 20, ''),
(315, 1, 9, '2018-01-22', 'to', 30, ''),
(316, 1, 13, '2018-01-22', 'to', 30, ''),
(317, 1, 1, '2018-01-19', 'to', 25, ''),
(318, 1, 8, '2018-01-19', 'to', 3, 'Thermometer'),
(319, 1, 8, '2018-01-20', 'to', 5, 'wärmenflasche, reisen mit vitamin c'),
(320, 1, 6, '2018-01-20', 'to', 1, ''),
(321, 1, 1, '2018-01-22', 'to', 9, ''),
(322, 1, 1, '2018-01-29', 'to', 7, ''),
(323, 1, 14, '2018-01-25', 'from', 1670, 'Wysiwyg'),
(324, 1, 1, '2018-01-27', 'to', 5, ''),
(325, 1, 1, '2018-01-26', 'to', 18, ''),
(326, 1, 1, '2018-01-25', 'to', 16, ''),
(327, 1, 8, '2018-01-25', 'to', 5, ''),
(328, 1, 6, '2018-01-30', 'to', 2, ''),
(329, 1, 1, '2018-01-30', 'to', 3, ''),
(330, 1, 1, '2018-02-01', 'to', 8, ''),
(331, 1, 6, '2018-02-01', 'to', 1, ''),
(332, 1, 3, '2018-01-31', 'to', 110, ''),
(333, 1, 1, '2018-01-31', 'to', 8, ''),
(334, 1, 16, '2018-02-01', 'to', 15, ''),
(335, 1, 1, '2018-02-03', 'to', 14, ''),
(336, 1, 1, '2018-02-04', 'to', 8, ''),
(337, 1, 1, '2018-02-05', 'to', 8, ''),
(338, 1, 5, '2018-02-06', 'to', 7, ''),
(339, 1, 1, '2018-02-07', 'to', 8, ''),
(340, 1, 1, '2018-02-10', 'to', 22, ''),
(341, 1, 1, '2018-02-09', 'to', 3, ''),
(342, 1, 9, '2018-02-22', 'to', 30, ''),
(343, 1, 13, '2018-02-22', 'to', 30, ''),
(344, 1, 1, '2018-02-12', 'to', 14, ''),
(345, 1, 15, '2018-02-02', 'to', 285, ''),
(346, 1, 1, '2018-02-13', 'to', 7, ''),
(347, 1, 1, '2018-02-14', 'to', 7, ''),
(348, 1, 10, '2018-02-14', 'to', 100, ''),
(349, 1, 1, '2018-02-15', 'to', 15, ''),
(350, 1, 1, '2018-02-16', 'to', 6, ''),
(351, 1, 12, '2018-02-16', 'to', 1, ''),
(352, 1, 1, '2018-02-17', 'to', 13, ''),
(353, 1, 12, '2018-02-17', 'to', 5, 'Konzert'),
(354, 1, 6, '2018-02-19', 'to', 1, ''),
(355, 1, 1, '2018-02-19', 'to', 14, ''),
(356, 1, 1, '2018-02-20', 'to', 8, ''),
(357, 1, 3, '2018-02-20', 'to', 3, 'Zusatzticket'),
(358, 1, 7, '2018-02-22', 'to', 20, ''),
(359, 1, 14, '2018-02-26', 'from', 1670, ''),
(360, 1, 16, '2018-03-01', 'to', 15, ''),
(361, 1, 1, '2018-02-27', 'to', 10, ''),
(362, 1, 1, '2018-02-24', 'to', 30, ''),
(363, 1, 1, '2018-02-26', 'to', 15, ''),
(364, 1, 1, '2018-02-23', 'to', 1, ''),
(365, 1, 1, '2018-02-28', 'to', 2, ''),
(366, 1, 3, '2018-02-28', 'to', 110, ''),
(367, 1, 15, '2018-03-01', 'to', 285, ''),
(368, 1, 1, '2018-03-01', 'to', 9, ''),
(369, 1, 5, '2018-03-09', 'to', 8, ''),
(370, 1, 1, '2018-03-02', 'to', 20, ''),
(371, 1, 13, '2018-03-22', 'to', 30, ''),
(372, 1, 9, '2018-03-22', 'to', 30, ''),
(373, 1, 1, '2018-03-05', 'to', 5, ''),
(374, 1, 1, '2018-03-05', 'to', 15, 'Kaffee bei wysiwyg'),
(375, 1, 1, '2018-03-06', 'to', 9, ''),
(376, 1, 1, '2018-03-07', 'to', 8, ''),
(377, 1, 1, '2018-03-09', 'to', 19, ''),
(378, 1, 1, '2018-03-12', 'to', 10, ''),
(379, 1, 1, '2018-03-10', 'to', 5, ''),
(381, 1, 12, '2018-03-13', 'to', 5, 'Konzert'),
(382, 1, 1, '2018-03-13', 'to', 6, ''),
(384, 1, 1, '2018-03-14', 'to', 2, ''),
(385, 1, 1, '2018-03-16', 'to', 9, ''),
(386, 1, 1, '2018-03-15', 'to', 4, ''),
(387, 1, 17, '2018-03-14', 'to', 52, ''),
(388, 1, 1, '2018-03-17', 'to', 15, ''),
(389, 1, 14, '2018-03-18', 'to', 811, 'Zum Jobcenter für Gas und Strom'),
(390, 1, 1, '2018-03-20', 'to', 8, ''),
(391, 1, 1, '2018-03-19', 'to', 5, ''),
(392, 1, 1, '2018-03-21', 'to', 7, ''),
(393, 1, 7, '2018-03-22', 'to', 20, ''),
(394, 1, 1, '2018-03-24', 'to', 30, ''),
(395, 1, 3, '2018-03-22', 'to', 30, 'Nach Freiburg'),
(396, 1, 1, '2018-03-26', 'to', 9, ''),
(397, 1, 11, '2018-03-26', 'to', 250, ''),
(398, 1, 14, '2018-03-26', 'from', 1670, 'von Wysiwyg*'),
(399, 1, 1, '2018-03-27', 'to', 6, ''),
(400, 1, 15, '2018-03-30', 'to', 285, ''),
(401, 1, 16, '2018-04-01', 'to', 15, ''),
(402, 1, 1, '2018-03-28', 'to', 17, ''),
(403, 1, 12, '2018-03-29', 'to', 8, 'Bank account monthly tax'),
(404, 1, 3, '2018-03-30', 'to', 110, ''),
(405, 1, 3, '2018-03-31', 'to', 16, ''),
(406, 1, 1, '2018-03-30', 'to', 13, ''),
(407, 1, 3, '2018-04-03', 'to', 32, 'Ticket von Bötzingen nach Duisburg am Freitag Abend'),
(408, 1, 11, '2018-04-07', 'to', 11, ''),
(409, 1, 11, '2018-04-03', 'to', 17, ''),
(410, 1, 16, '2018-04-03', 'to', 8, ''),
(411, 1, 1, '2018-04-03', 'to', 8, ''),
(412, 1, 3, '2018-04-03', 'to', 13, 'Tagesticket'),
(413, 1, 1, '2018-04-06', 'to', 5, ''),
(414, 1, 1, '2018-04-05', 'to', 8, ''),
(415, 1, 1, '2018-04-07', 'to', 20, ''),
(416, 1, 13, '2018-04-20', 'to', 50, 'von Stadtwerke'),
(417, 1, 9, '2018-04-20', 'to', 51, 'von Stadtwerke'),
(418, 1, 5, '2018-04-09', 'to', 8, ''),
(419, 1, 1, '2018-04-09', 'to', 2, ''),
(420, 1, 1, '2018-04-10', 'to', 11, ''),
(421, 1, 1, '2018-04-11', 'to', 8, ''),
(422, 1, 4, '2018-04-10', 'to', 5, ''),
(423, 1, 1, '2018-04-13', 'to', 26, ''),
(424, 1, 12, '2018-04-12', 'to', 8, 'Bankkonto'),
(425, 1, 1, '2018-04-12', 'to', 3, ''),
(426, 1, 1, '2018-04-15', 'to', 6, ''),
(427, 1, 17, '2018-04-15', 'to', 52, 'Für 3,4,5 2018'),
(428, 1, 1, '2018-04-14', 'to', 14, ''),
(429, 1, 1, '2018-04-17', 'to', 5, ''),
(430, 1, 7, '2018-04-14', 'to', 90, 'Mcaffee Antivirus'),
(431, 1, 1, '2018-04-21', 'to', 9, ''),
(432, 1, 1, '2018-04-20', 'to', 15, ''),
(433, 1, 1, '2018-04-19', 'to', 10, ''),
(434, 1, 1, '2018-04-18', 'to', 3, ''),
(435, 1, 1, '2018-04-22', 'to', 21, ''),
(436, 1, 1, '2018-04-23', 'to', 23, ''),
(437, 1, 7, '2018-04-23', 'to', 20, ''),
(438, 1, 1, '2018-04-24', 'to', 2, ''),
(439, 1, 1, '2018-04-25', 'to', 4, ''),
(440, 1, 1, '2018-04-26', 'to', 10, '');

-- --------------------------------------------------------

--
-- Table structure for table `expenditure_category`
--

DROP TABLE IF EXISTS `expenditure_category`;
CREATE TABLE IF NOT EXISTS `expenditure_category` (
  `id` int(11) NOT NULL AUTO_INCREMENT,
  `user_id` int(11) NOT NULL,
  `name` varchar(50) NOT NULL,
  `notes` text,
  PRIMARY KEY (`id`)
) ENGINE=InnoDB AUTO_INCREMENT=18 DEFAULT CHARSET=utf8;

--
-- Dumping data for table `expenditure_category`
--

INSERT INTO `expenditure_category` (`id`, `user_id`, `name`, `notes`) VALUES
(1, 1, 'food', 'food'),
(3, 1, 'transport', 'transport'),
(4, 1, 'dresses', 'dresses and wears'),
(5, 1, 'mobile', 'mobile\'s bills'),
(6, 1, 'letters', 'letters'),
(7, 1, 'internet', ''),
(8, 1, 'medicament', ''),
(9, 1, 'electric', ''),
(10, 1, 'education', ''),
(11, 1, 'gifts', ''),
(12, 1, 'others', ''),
(13, 1, 'Gas', ''),
(14, 1, 'salary', ''),
(15, 1, 'Rent', 'Wohnmiet'),
(16, 1, 'Sport', 'Fitnessstudio oder andere'),
(17, 1, 'TV tax', '');

-- --------------------------------------------------------

--
-- Table structure for table `expenditure_type`
--

DROP TABLE IF EXISTS `expenditure_type`;
CREATE TABLE IF NOT EXISTS `expenditure_type` (
  `id` int(11) NOT NULL AUTO_INCREMENT,
  `user_id` int(11) NOT NULL,
  `name` varchar(50) NOT NULL,
  `notes` text,
  PRIMARY KEY (`id`)
) ENGINE=InnoDB DEFAULT CHARSET=utf8;

-- --------------------------------------------------------

--
-- Table structure for table `users`
--

DROP TABLE IF EXISTS `users`;
CREATE TABLE IF NOT EXISTS `users` (
  `id` int(11) NOT NULL AUTO_INCREMENT,
  `email` varchar(255) NOT NULL,
  `username` varchar(50) NOT NULL,
  `password` varchar(50) NOT NULL,
  `active` tinyint(1) NOT NULL DEFAULT '1',
  `notes` text,
  PRIMARY KEY (`id`)
) ENGINE=InnoDB AUTO_INCREMENT=3 DEFAULT CHARSET=utf8;

--
-- Dumping data for table `users`
--

INSERT INTO `users` (`id`, `email`, `username`, `password`, `active`, `notes`) VALUES
(1, 'abd', 'abd', 'e10adc3949ba59abbe56e057f20f883e', 1, NULL),
(2, 'abdoun79@gmail.com', 'abdoun79@gmail.com', 'e10adc3949ba59abbe56e057f20f883e', 1, NULL);
COMMIT;

/*!40101 SET CHARACTER_SET_CLIENT=@OLD_CHARACTER_SET_CLIENT */;
/*!40101 SET CHARACTER_SET_RESULTS=@OLD_CHARACTER_SET_RESULTS */;
/*!40101 SET COLLATION_CONNECTION=@OLD_COLLATION_CONNECTION */;
